발주번호,발주유형,SKU ID,SKU 이름,SKU Barcode,물류센터,입고예정일,발주일,발주수량,확정수량,입고수량,매입유형,면세여부,생산연도,제조일자,유통기한,매입가,공급가,부가세,총발주 매입금,입고금액
19351878,일반,11492986,말랑하니 오가닉속싸개_엘라스틴_그레이도트M,R004467000001,고양1,2020-09-09,2020-09-04 12:14:14,8,8,0,직매입,N,,,,13900,12636,1264,111200,0
19351878,일반,11492985,말랑하니 오가닉속싸개_엘라스틴_캐럿핑크S,R004467000006,고양1,2020-09-09,2020-09-04 12:14:14,22,22,0,직매입,N,,,,13900,12636,1264,305800,0
19351860,일반,12245896,말랑하니 오가닉속싸개_엘라스틴_캐럿핑크L,R005352270002,덕평1,2020-09-09,2020-09-04 12:14:13,4,4,0,직매입,N,,,,16900,15364,1536,67600,0
19351860,일반,11492990,말랑하니 오가닉스와들스트랩_엘라스틴_캐럿핑크,R004467000007,덕평1,2020-09-09,2020-09-04 12:14:13,4,4,0,직매입,N,,,,13900,12636,1264,55600,0
19351860,일반,11492989,말랑하니 오가닉스와들스트랩_엘라스틴_그레이도트,R004467000005,덕평1,2020-09-09,2020-09-04 12:14:13,12,12,0,직매입,N,,,,13900,12636,1264,166800,0
19346417,일반,8155480,말랑하니 디데이달력 ver.5칸_하늘그레이,R001627180004,인천4,2020-09-09,2020-09-04 08:42:42,10,10,0,직매입,N,,,,6000,5455,545,60000,0
19346417,일반,10451944,말랑하니 속싸개 메쉬 캐럿베이지 M,R003451180015,인천4,2020-09-09,2020-09-04 08:42:42,50,50,0,직매입,N,,,,13500,12273,1227,675000,0
19346417,일반,8155479,말랑하니 디데이달력 ver.5칸_핑크그레이,R001627180003,인천4,2020-09-09,2020-09-04 08:42:42,10,10,0,직매입,N,,,,6000,5455,545,60000,0
19346417,일반,10451899,말랑하니 속싸개 오리지널 베이지 S,R003451180008,인천4,2020-09-09,2020-09-04 08:42:42,4,4,0,직매입,N,,,,13500,12273,1227,54000,0
19346417,일반,10451943,말랑하니 속싸개 메쉬 블루도트 M,R003451180017,인천4,2020-09-09,2020-09-04 08:42:42,50,50,0,직매입,N,,,,13500,12273,1227,675000,0
19346417,일반,10451950,말랑하니 속싸개 메쉬 캐럿베이지 S,R003451180014,인천4,2020-09-09,2020-09-04 08:42:42,6,6,0,직매입,N,,,,13500,12273,1227,81000,0
19346417,일반,10451895,말랑하니 스와들스트랩 오가닉코튼(베이지),R003451180005,인천4,2020-09-09,2020-09-04 08:42:42,16,16,0,직매입,N,,,,13500,12273,1227,216000,0
19346417,일반,10451949,말랑하니 속싸개 메쉬 블루도트 S,R003451180016,인천4,2020-09-09,2020-09-04 08:42:42,34,34,0,직매입,N,,,,13500,12273,1227,459000,0
19346395,일반,11492987,말랑하니 오가닉속싸개_엘라스틴_캐럿핑크M,R004467000003,고양1,2020-09-09,2020-09-04 08:42:41,20,20,0,직매입,N,,,,13900,12636,1264,278000,0
19346395,일반,11492986,말랑하니 오가닉속싸개_엘라스틴_그레이도트M,R004467000001,고양1,2020-09-09,2020-09-04 08:42:41,8,8,0,직매입,N,,,,13900,12636,1264,111200,0
19346395,일반,11492985,말랑하니 오가닉속싸개_엘라스틴_캐럿핑크S,R004467000006,고양1,2020-09-09,2020-09-04 08:42:41,10,10,0,직매입,N,,,,13900,12636,1264,139000,0
19346395,일반,11492984,말랑하니 오가닉속싸개_엘라스틴_그레이도트S,R004467000004,고양1,2020-09-09,2020-09-04 08:42:41,6,6,0,직매입,N,,,,13900,12636,1264,83400,0
19343476,일반,11763103,루미레브 하이방석 8cm 캐릭터형_공룡커드_카키 + 동화책,R004669850004,호법,2020-09-16,2020-09-04 08:42:18,3,3,0,직매입,N,,,,21000,19091,1909,63000,0
19343288,일반,11763103,루미레브 하이방석 8cm 캐릭터형_공룡커드_카키 + 동화책,R004669850004,마장1,2020-09-16,2020-09-04 08:42:18,9,9,0,직매입,N,,,,21000,19091,1909,189000,0
19343120,일반,11576523,카키블린 워터매트 촉감놀이 유아장난감,R004626700001,고양1,2020-09-09,2020-09-04 08:42:17,50,50,0,직매입,N,,,,7500,6818,682,375000,0
19342994,일반,11230762,말랑하니 뒤집으면 꺼지는 타이머 수유등 취침등 신생아수유등 우드,R004188950001,고양1,2020-09-09,2020-09-04 08:42:16,30,30,0,직매입,N,,,,11900,10818,1082,357000,0
19342811,일반,11267174,말랑하니 뒤집으면 꺼지는 타이머 수유등 취침등 신생아수유등 그레이,R004242410001,대구2,2020-09-09,2020-09-04 08:42:15,30,30,0,직매입,N,,,,11900,10818,1082,357000,0
19342811,일반,11230762,말랑하니 뒤집으면 꺼지는 타이머 수유등 취침등 신생아수유등 우드,R004188950001,대구2,2020-09-09,2020-09-04 08:42:15,30,30,0,직매입,N,,,,11900,10818,1082,357000,0
19342632,일반,10451899,말랑하니 속싸개 오리지널 베이지 S,R003451180008,양산1,2020-09-09,2020-09-04 08:42:15,16,16,0,직매입,N,,,,13500,12273,1227,216000,0
19342632,일반,10451950,말랑하니 속싸개 메쉬 캐럿베이지 S,R003451180014,양산1,2020-09-09,2020-09-04 08:42:15,28,28,0,직매입,N,,,,13500,12273,1227,378000,0
19342632,일반,10451895,말랑하니 스와들스트랩 오가닉코튼(베이지),R003451180005,양산1,2020-09-09,2020-09-04 08:42:15,36,36,0,직매입,N,,,,13500,12273,1227,486000,0
19342632,일반,10451949,말랑하니 속싸개 메쉬 블루도트 S,R003451180016,양산1,2020-09-09,2020-09-04 08:42:15,22,22,0,직매입,N,,,,13500,12273,1227,297000,0
19342501,일반,10451950,말랑하니 속싸개 메쉬 캐럿베이지 S,R003451180014,부천1,2020-09-09,2020-09-04 08:42:14,2,2,0,직매입,N,,,,13500,12273,1227,27000,0
19342340,일반,8155480,말랑하니 디데이달력 ver.5칸_하늘그레이,R001627180004,덕평1,2020-09-09,2020-09-04 08:42:13,10,10,0,직매입,N,,,,6000,5455,545,60000,0
19342340,일반,11492991,말랑하니 오가닉속싸개_메쉬_캐럿베이지L,R004467000002,덕평1,2020-09-09,2020-09-04 08:42:13,8,8,0,직매입,N,,,,13900,12636,1264,111200,0
19342340,일반,11492987,말랑하니 오가닉속싸개_엘라스틴_캐럿핑크M,R004467000003,덕평1,2020-09-09,2020-09-04 08:42:13,14,14,0,직매입,N,,,,13900,12636,1264,194600,0
19342340,일반,11492986,말랑하니 오가닉속싸개_엘라스틴_그레이도트M,R004467000001,덕평1,2020-09-09,2020-09-04 08:42:13,26,26,0,직매입,N,,,,13900,12636,1264,361400,0
19342340,일반,11492989,말랑하니 오가닉스와들스트랩_엘라스틴_그레이도트,R004467000005,덕평1,2020-09-09,2020-09-04 08:42:13,24,24,0,직매입,N,,,,13900,12636,1264,333600,0
19342340,일반,10451944,말랑하니 속싸개 메쉬 캐럿베이지 M,R003451180015,덕평1,2020-09-09,2020-09-04 08:42:13,100,100,0,직매입,N,,,,13500,12273,1227,1350000,0
19342340,일반,8155479,말랑하니 디데이달력 ver.5칸_핑크그레이,R001627180003,덕평1,2020-09-09,2020-09-04 08:42:13,20,20,0,직매입,N,,,,6000,5455,545,120000,0
19342340,일반,10451899,말랑하니 속싸개 오리지널 베이지 S,R003451180008,덕평1,2020-09-09,2020-09-04 08:42:13,8,8,0,직매입,N,,,,13500,12273,1227,108000,0
19342340,일반,10451943,말랑하니 속싸개 메쉬 블루도트 M,R003451180017,덕평1,2020-09-09,2020-09-04 08:42:13,100,100,0,직매입,N,,,,13500,12273,1227,1350000,0
19342340,일반,10451950,말랑하니 속싸개 메쉬 캐럿베이지 S,R003451180014,덕평1,2020-09-09,2020-09-04 08:42:13,14,14,0,직매입,N,,,,13500,12273,1227,189000,0
19342340,일반,11492985,말랑하니 오가닉속싸개_엘라스틴_캐럿핑크S,R004467000006,덕평1,2020-09-09,2020-09-04 08:42:13,24,24,0,직매입,N,,,,13900,12636,1264,333600,0
19342340,일반,10451895,말랑하니 스와들스트랩 오가닉코튼(베이지),R003451180005,덕평1,2020-09-09,2020-09-04 08:42:13,24,24,0,직매입,N,,,,13500,12273,1227,324000,0
19342340,일반,10451949,말랑하니 속싸개 메쉬 블루도트 S,R003451180016,덕평1,2020-09-09,2020-09-04 08:42:13,50,50,0,직매입,N,,,,13500,12273,1227,675000,0
19342340,일반,11492984,말랑하니 오가닉속싸개_엘라스틴_그레이도트S,R004467000004,덕평1,2020-09-09,2020-09-04 08:42:13,18,18,0,직매입,N,,,,13900,12636,1264,250200,0
19342204,일반,11576523,카키블린 워터매트 촉감놀이 유아장난감,R004626700001,대구2,2020-09-09,2020-09-04 08:42:12,100,100,0,직매입,N,,,,7500,6818,682,750000,0
19342128,일반,10451899,말랑하니 속싸개 오리지널 베이지 S,R003451180008,인천1,2020-09-09,2020-09-04 08:42:12,4,4,0,직매입,N,,,,13500,12273,1227,54000,0
19342077,일반,11267174,말랑하니 뒤집으면 꺼지는 타이머 수유등 취침등 신생아수유등 그레이,R004242410001,양산1,2020-09-09,2020-09-04 08:42:12,30,30,0,직매입,N,,,,11900,10818,1082,357000,0
19342077,일반,11230762,말랑하니 뒤집으면 꺼지는 타이머 수유등 취침등 신생아수유등 우드,R004188950001,양산1,2020-09-09,2020-09-04 08:42:12,30,30,0,직매입,N,,,,11900,10818,1082,357000,0
19341888,일반,11492991,말랑하니 오가닉속싸개_메쉬_캐럿베이지L,R004467000002,서울,2020-09-09,2020-09-04 08:42:11,6,6,0,직매입,N,,,,13900,12636,1264,83400,0
19341888,일반,11492987,말랑하니 오가닉속싸개_엘라스틴_캐럿핑크M,R004467000003,서울,2020-09-09,2020-09-04 08:42:11,6,6,0,직매입,N,,,,13900,12636,1264,83400,0
19341888,일반,11492986,말랑하니 오가닉속싸개_엘라스틴_그레이도트M,R004467000001,서울,2020-09-09,2020-09-04 08:42:11,6,6,0,직매입,N,,,,13900,12636,1264,83400,0
19341888,일반,11492989,말랑하니 오가닉스와들스트랩_엘라스틴_그레이도트,R004467000005,서울,2020-09-09,2020-09-04 08:42:11,4,4,0,직매입,N,,,,13900,12636,1264,55600,0
19341888,일반,10451950,말랑하니 속싸개 메쉬 캐럿베이지 S,R003451180014,서울,2020-09-09,2020-09-04 08:42:11,4,4,0,직매입,N,,,,13500,12273,1227,54000,0
19341888,일반,11492985,말랑하니 오가닉속싸개_엘라스틴_캐럿핑크S,R004467000006,서울,2020-09-09,2020-09-04 08:42:11,4,4,0,직매입,N,,,,13900,12636,1264,55600,0
19341888,일반,10451895,말랑하니 스와들스트랩 오가닉코튼(베이지),R003451180005,서울,2020-09-09,2020-09-04 08:42:11,4,4,0,직매입,N,,,,13500,12273,1227,54000,0
19341888,일반,11492984,말랑하니 오가닉속싸개_엘라스틴_그레이도트S,R004467000004,서울,2020-09-09,2020-09-04 08:42:11,4,4,0,직매입,N,,,,13900,12636,1264,55600,0
19341798,일반,11763103,루미레브 하이방석 8cm 캐릭터형_공룡커드_카키 + 동화책,R004669850004,안성4,2020-09-16,2020-09-04 08:42:10,21,21,0,직매입,N,,,,21000,19091,1909,441000,0
19341725,일반,11230762,말랑하니 뒤집으면 꺼지는 타이머 수유등 취침등 신생아수유등 우드,R004188950001,덕평1,2020-09-09,2020-09-04 08:42:10,60,60,0,직매입,N,,,,11900,10818,1082,714000,0
19341697,일반,11230762,말랑하니 뒤집으면 꺼지는 타이머 수유등 취침등 신생아수유등 우드,R004188950001,인천4,2020-09-09,2020-09-04 08:42:10,60,60,0,직매입,N,,,,11900,10818,1082,714000,0
19341602,일반,11492991,말랑하니 오가닉속싸개_메쉬_캐럿베이지L,R004467000002,동탄1,2020-09-09,2020-09-04 08:42:09,20,20,0,직매입,N,,,,13900,12636,1264,278000,0
19341602,일반,11492987,말랑하니 오가닉속싸개_엘라스틴_캐럿핑크M,R004467000003,동탄1,2020-09-09,2020-09-04 08:42:09,12,12,0,직매입,N,,,,13900,12636,1264,166800,0
19341602,일반,11492986,말랑하니 오가닉속싸개_엘라스틴_그레이도트M,R004467000001,동탄1,2020-09-09,2020-09-04 08:42:09,18,18,0,직매입,N,,,,13900,12636,1264,250200,0
19341602,일반,11492989,말랑하니 오가닉스와들스트랩_엘라스틴_그레이도트,R004467000005,동탄1,2020-09-09,2020-09-04 08:42:09,16,16,0,직매입,N,,,,13900,12636,1264,222400,0
19341602,일반,10451899,말랑하니 속싸개 오리지널 베이지 S,R003451180008,동탄1,2020-09-09,2020-09-04 08:42:09,4,4,0,직매입,N,,,,13500,12273,1227,54000,0
19341602,일반,10451950,말랑하니 속싸개 메쉬 캐럿베이지 S,R003451180014,동탄1,2020-09-09,2020-09-04 08:42:09,10,10,0,직매입,N,,,,13500,12273,1227,135000,0
19341602,일반,11492985,말랑하니 오가닉속싸개_엘라스틴_캐럿핑크S,R004467000006,동탄1,2020-09-09,2020-09-04 08:42:09,16,16,0,직매입,N,,,,13900,12636,1264,222400,0
19341602,일반,11492984,말랑하니 오가닉속싸개_엘라스틴_그레이도트S,R004467000004,동탄1,2020-09-09,2020-09-04 08:42:09,16,16,0,직매입,N,,,,13900,12636,1264,222400,0
19341454,일반,11576523,카키블린 워터매트 촉감놀이 유아장난감,R004626700001,인천4,2020-09-09,2020-09-04 08:42:08,100,100,0,직매입,N,,,,7500,6818,682,750000,0
19341252,일반,8155480,말랑하니 디데이달력 ver.5칸_하늘그레이,R001627180004,대구2,2020-09-09,2020-09-04 08:42:07,10,10,0,직매입,N,,,,6000,5455,545,60000,0
19341252,일반,10451944,말랑하니 속싸개 메쉬 캐럿베이지 M,R003451180015,대구2,2020-09-09,2020-09-04 08:42:07,50,50,0,직매입,N,,,,13500,12273,1227,675000,0
19341252,일반,8155479,말랑하니 디데이달력 ver.5칸_핑크그레이,R001627180003,대구2,2020-09-09,2020-09-04 08:42:07,20,20,0,직매입,N,,,,6000,5455,545,120000,0
19341252,일반,10451899,말랑하니 속싸개 오리지널 베이지 S,R003451180008,대구2,2020-09-09,2020-09-04 08:42:07,4,4,0,직매입,N,,,,13500,12273,1227,54000,0
19341252,일반,10451943,말랑하니 속싸개 메쉬 블루도트 M,R003451180017,대구2,2020-09-09,2020-09-04 08:42:07,50,50,0,직매입,N,,,,13500,12273,1227,675000,0
19341252,일반,10451950,말랑하니 속싸개 메쉬 캐럿베이지 S,R003451180014,대구2,2020-09-09,2020-09-04 08:42:07,6,6,0,직매입,N,,,,13500,12273,1227,81000,0
19341252,일반,10451895,말랑하니 스와들스트랩 오가닉코튼(베이지),R003451180005,대구2,2020-09-09,2020-09-04 08:42:07,20,20,0,직매입,N,,,,13500,12273,1227,270000,0
19341252,일반,10451949,말랑하니 속싸개 메쉬 블루도트 S,R003451180016,대구2,2020-09-09,2020-09-04 08:42:07,22,22,0,직매입,N,,,,13500,12273,1227,297000,0
19341084,일반,11576523,카키블린 워터매트 촉감놀이 유아장난감,R004626700001,덕평1,2020-09-09,2020-09-04 08:42:06,100,100,0,직매입,N,,,,7500,6818,682,750000,0
19158724,일반,11763103,루미레브 하이방석 8cm 캐릭터형_공룡커드_카키 + 동화책,R004669850004,서울,2020-09-02,2020-08-28 19:51:18,2,2,0,직매입,N,,,,21000,19091,1909,42000,0
19158710,일반,11763103,루미레브 하이방석 8cm 캐릭터형_공룡커드_카키 + 동화책,R004669850004,마장1,2020-09-02,2020-08-28 19:51:18,2,2,0,직매입,N,,,,21000,19091,1909,42000,0
19131444,일반,11267174,말랑하니 뒤집으면 꺼지는 타이머 수유등 취침등 신생아수유등 그레이,R004242410001,대구2,2020-09-02,2020-08-28 09:17:40,30,30,0,직매입,N,,,,11900,10818,1082,357000,0
19131444,일반,11230762,말랑하니 뒤집으면 꺼지는 타이머 수유등 취침등 신생아수유등 우드,R004188950001,대구2,2020-09-02,2020-08-28 09:17:40,30,30,0,직매입,N,,,,11900,10818,1082,357000,0
19131229,일반,11763104,루미레브 하이방석 8cm 캐릭터형_토끼루디_핑크 + 동화책,R004669850006,목천1,2020-09-02,2020-08-28 09:17:39,120,120,70,직매입,N,,,,21000,19091,1909,2520000,1470000
19131127,일반,3361293,말랑하니 성장카드,R000786470003,덕평1,2020-09-02,2020-08-28 09:17:38,10,10,0,직매입,N,,,,7100,6455,645,71000,0
19130969,일반,11576523,카키블린 워터매트 촉감놀이 유아장난감,R004626700001,인천4,2020-09-02,2020-08-28 09:17:37,250,250,50,직매입,N,,,,7500,6818,682,1875000,375000
19130789,일반,10451950,말랑하니 속싸개 메쉬 캐럿베이지 S,R003451180014,고양1,2020-09-02,2020-08-28 09:17:36,10,10,0,직매입,N,,,,13500,12273,1227,135000,0
19130789,일반,11492984,말랑하니 오가닉속싸개_엘라스틴_그레이도트S,R004467000004,고양1,2020-09-02,2020-08-28 09:17:36,2,2,0,직매입,N,,,,13900,12636,1264,27800,0
19130789,일반,11492991,말랑하니 오가닉속싸개_메쉬_캐럿베이지L,R004467000002,고양1,2020-09-02,2020-08-28 09:17:36,4,4,0,직매입,N,,,,13900,12636,1264,55600,0
19130789,일반,11492985,말랑하니 오가닉속싸개_엘라스틴_캐럿핑크S,R004467000006,고양1,2020-09-02,2020-08-28 09:17:36,2,2,0,직매입,N,,,,13900,12636,1264,27800,0
19130564,일반,10451899,말랑하니 속싸개 오리지널 베이지 S,R003451180008,동탄1,2020-09-02,2020-08-28 09:17:35,16,16,0,직매입,N,,,,13500,12273,1227,216000,0
19130564,일반,10451895,말랑하니 스와들스트랩 오가닉코튼(베이지),R003451180005,동탄1,2020-09-02,2020-08-28 09:17:35,36,36,0,직매입,N,,,,13500,12273,1227,486000,0
19130564,일반,10451950,말랑하니 속싸개 메쉬 캐럿베이지 S,R003451180014,동탄1,2020-09-02,2020-08-28 09:17:35,46,46,0,직매입,N,,,,13500,12273,1227,621000,0
19130564,일반,10451949,말랑하니 속싸개 메쉬 블루도트 S,R003451180016,동탄1,2020-09-02,2020-08-28 09:17:35,52,52,0,직매입,N,,,,13500,12273,1227,702000,0
19130564,일반,11492984,말랑하니 오가닉속싸개_엘라스틴_그레이도트S,R004467000004,동탄1,2020-09-02,2020-08-28 09:17:35,4,4,0,직매입,N,,,,13900,12636,1264,55600,0
19130564,일반,10451943,말랑하니 속싸개 메쉬 블루도트 M,R003451180017,동탄1,2020-09-02,2020-08-28 09:17:35,50,50,0,직매입,N,,,,13500,12273,1227,675000,0
19130564,일반,10451944,말랑하니 속싸개 메쉬 캐럿베이지 M,R003451180015,동탄1,2020-09-02,2020-08-28 09:17:35,50,50,0,직매입,N,,,,13500,12273,1227,675000,0
19130564,일반,11492986,말랑하니 오가닉속싸개_엘라스틴_그레이도트M,R004467000001,동탄1,2020-09-02,2020-08-28 09:17:35,14,14,0,직매입,N,,,,13900,12636,1264,194600,0
19130564,일반,11492991,말랑하니 오가닉속싸개_메쉬_캐럿베이지L,R004467000002,동탄1,2020-09-02,2020-08-28 09:17:35,4,4,0,직매입,N,,,,13900,12636,1264,55600,0
19130564,일반,11492987,말랑하니 오가닉속싸개_엘라스틴_캐럿핑크M,R004467000003,동탄1,2020-09-02,2020-08-28 09:17:35,38,38,0,직매입,N,,,,13900,12636,1264,528200,0
19130564,일반,11492985,말랑하니 오가닉속싸개_엘라스틴_캐럿핑크S,R004467000006,동탄1,2020-09-02,2020-08-28 09:17:35,4,4,0,직매입,N,,,,13900,12636,1264,55600,0
19130483,일반,11230762,말랑하니 뒤집으면 꺼지는 타이머 수유등 취침등 신생아수유등 우드,R004188950001,동탄1,2020-09-02,2020-08-28 09:17:35,120,120,0,직매입,N,,,,11900,10818,1082,1428000,0
19130302,일반,10451899,말랑하니 속싸개 오리지널 베이지 S,R003451180008,대구2,2020-09-02,2020-08-28 09:17:34,4,4,0,직매입,N,,,,13500,12273,1227,54000,0
19130302,일반,10451895,말랑하니 스와들스트랩 오가닉코튼(베이지),R003451180005,대구2,2020-09-02,2020-08-28 09:17:34,12,12,0,직매입,N,,,,13500,12273,1227,162000,0
19130302,일반,10451950,말랑하니 속싸개 메쉬 캐럿베이지 S,R003451180014,대구2,2020-09-02,2020-08-28 09:17:34,16,16,0,직매입,N,,,,13500,12273,1227,216000,0
19130302,일반,11492984,말랑하니 오가닉속싸개_엘라스틴_그레이도트S,R004467000004,대구2,2020-09-02,2020-08-28 09:17:34,4,4,0,직매입,N,,,,13900,12636,1264,55600,0
19130302,일반,10451943,말랑하니 속싸개 메쉬 블루도트 M,R003451180017,대구2,2020-09-02,2020-08-28 09:17:34,50,50,0,직매입,N,,,,13500,12273,1227,675000,0
19130302,일반,11492991,말랑하니 오가닉속싸개_메쉬_캐럿베이지L,R004467000002,대구2,2020-09-02,2020-08-28 09:17:34,2,2,0,직매입,N,,,,13900,12636,1264,27800,0
19130302,일반,11492985,말랑하니 오가닉속싸개_엘라스틴_캐럿핑크S,R004467000006,대구2,2020-09-02,2020-08-28 09:17:34,4,4,0,직매입,N,,,,13900,12636,1264,55600,0
19130214,일반,3361293,말랑하니 성장카드,R000786470003,인천4,2020-09-02,2020-08-28 09:17:33,10,10,0,직매입,N,,,,7100,6455,645,71000,0
19130062,일반,11576523,카키블린 워터매트 촉감놀이 유아장난감,R004626700001,덕평1,2020-09-02,2020-08-28 09:17:33,150,150,0,직매입,N,,,,7500,6818,682,1125000,0
19130003,일반,11576523,카키블린 워터매트 촉감놀이 유아장난감,R004626700001,고양1,2020-09-02,2020-08-28 09:17:32,150,150,50,직매입,N,,,,7500,6818,682,1125000,375000
19129819,일반,8155479,말랑하니 디데이달력 ver.5칸_핑크그레이,R001627180003,서울,2020-09-02,2020-08-28 09:17:31,10,10,0,직매입,N,,,,6000,5455,545,60000,0
19129819,일반,10451895,말랑하니 스와들스트랩 오가닉코튼(베이지),R003451180005,서울,2020-09-02,2020-08-28 09:17:31,12,12,0,직매입,N,,,,13500,12273,1227,162000,0
19129819,일반,10451950,말랑하니 속싸개 메쉬 캐럿베이지 S,R003451180014,서울,2020-09-02,2020-08-28 09:17:31,18,18,0,직매입,N,,,,13500,12273,1227,243000,0
19129819,일반,10451949,말랑하니 속싸개 메쉬 블루도트 S,R003451180016,서울,2020-09-02,2020-08-28 09:17:31,20,20,0,직매입,N,,,,13500,12273,1227,270000,0
19129819,일반,11492985,말랑하니 오가닉속싸개_엘라스틴_캐럿핑크S,R004467000006,서울,2020-09-02,2020-08-28 09:17:31,2,2,0,직매입,N,,,,13900,12636,1264,27800,0
19129700,일반,11576523,카키블린 워터매트 촉감놀이 유아장난감,R004626700001,동탄1,2020-09-02,2020-08-28 09:17:31,200,200,0,직매입,N,,,,7500,6818,682,1500000,0
19129492,일반,8155479,말랑하니 디데이달력 ver.5칸_핑크그레이,R001627180003,인천4,2020-09-02,2020-08-28 09:17:29,20,20,0,직매입,N,,,,6000,5455,545,120000,0
19129492,일반,10451899,말랑하니 속싸개 오리지널 베이지 S,R003451180008,인천4,2020-09-02,2020-08-28 09:17:29,8,8,0,직매입,N,,,,13500,12273,1227,108000,0
19129492,일반,10451895,말랑하니 스와들스트랩 오가닉코튼(베이지),R003451180005,인천4,2020-09-02,2020-08-28 09:17:29,32,32,0,직매입,N,,,,13500,12273,1227,432000,0
19129492,일반,10451950,말랑하니 속싸개 메쉬 캐럿베이지 S,R003451180014,인천4,2020-09-02,2020-08-28 09:17:29,32,32,0,직매입,N,,,,13500,12273,1227,432000,0
19129492,일반,8155480,말랑하니 디데이달력 ver.5칸_하늘그레이,R001627180004,인천4,2020-09-02,2020-08-28 09:17:29,20,20,0,직매입,N,,,,6000,5455,545,120000,0
19129492,일반,10451949,말랑하니 속싸개 메쉬 블루도트 S,R003451180016,인천4,2020-09-02,2020-08-28 09:17:29,34,34,0,직매입,N,,,,13500,12273,1227,459000,0
19129492,일반,11492984,말랑하니 오가닉속싸개_엘라스틴_그레이도트S,R004467000004,인천4,2020-09-02,2020-08-28 09:17:29,10,10,0,직매입,N,,,,13900,12636,1264,139000,0
19129492,일반,10451944,말랑하니 속싸개 메쉬 캐럿베이지 M,R003451180015,인천4,2020-09-02,2020-08-28 09:17:29,50,50,0,직매입,N,,,,13500,12273,1227,675000,0
19129492,일반,11492986,말랑하니 오가닉속싸개_엘라스틴_그레이도트M,R004467000001,인천4,2020-09-02,2020-08-28 09:17:29,4,4,0,직매입,N,,,,13900,12636,1264,55600,0
19129492,일반,11492991,말랑하니 오가닉속싸개_메쉬_캐럿베이지L,R004467000002,인천4,2020-09-02,2020-08-28 09:17:29,6,6,0,직매입,N,,,,13900,12636,1264,83400,0
19129492,일반,11492987,말랑하니 오가닉속싸개_엘라스틴_캐럿핑크M,R004467000003,인천4,2020-09-02,2020-08-28 09:17:29,6,6,0,직매입,N,,,,13900,12636,1264,83400,0
19129492,일반,11492985,말랑하니 오가닉속싸개_엘라스틴_캐럿핑크S,R004467000006,인천4,2020-09-02,2020-08-28 09:17:29,8,8,0,직매입,N,,,,13900,12636,1264,111200,0
19129447,일반,4141189,말랑하니 소프트의자,R001040310001,인천4,2020-09-02,2020-08-28 09:17:29,32,32,16,직매입,N,,,,21000,19091,1909,672000,336000
19129238,일반,3361293,말랑하니 성장카드,R000786470003,동탄1,2020-09-02,2020-08-28 09:17:28,20,20,0,직매입,N,,,,7100,6455,645,142000,0
19129064,일반,11230762,말랑하니 뒤집으면 꺼지는 타이머 수유등 취침등 신생아수유등 우드,R004188950001,고양1,2020-09-02,2020-08-28 09:17:27,30,30,0,직매입,N,,,,11900,10818,1082,357000,0
19128912,일반,11267174,말랑하니 뒤집으면 꺼지는 타이머 수유등 취침등 신생아수유등 그레이,R004242410001,덕평1,2020-09-02,2020-08-28 09:17:27,30,30,0,직매입,N,,,,11900,10818,1082,357000,0
19128912,일반,11230762,말랑하니 뒤집으면 꺼지는 타이머 수유등 취침등 신생아수유등 우드,R004188950001,덕평1,2020-09-02,2020-08-28 09:17:27,120,120,0,직매입,N,,,,11900,10818,1082,1428000,0
19128742,일반,11576523,카키블린 워터매트 촉감놀이 유아장난감,R004626700001,대구2,2020-09-02,2020-08-28 09:17:26,100,100,0,직매입,N,,,,7500,6818,682,750000,0
19128586,일반,8155479,말랑하니 디데이달력 ver.5칸_핑크그레이,R001627180003,양산1,2020-09-02,2020-08-28 09:17:25,10,10,0,직매입,N,,,,6000,5455,545,60000,0
19128586,일반,10451899,말랑하니 속싸개 오리지널 베이지 S,R003451180008,양산1,2020-09-02,2020-08-28 09:17:25,12,12,0,직매입,N,,,,13500,12273,1227,162000,0
19128586,일반,10451895,말랑하니 스와들스트랩 오가닉코튼(베이지),R003451180005,양산1,2020-09-02,2020-08-28 09:17:25,16,16,0,직매입,N,,,,13500,12273,1227,216000,0
19128586,일반,10451950,말랑하니 속싸개 메쉬 캐럿베이지 S,R003451180014,양산1,2020-09-02,2020-08-28 09:17:25,12,12,0,직매입,N,,,,13500,12273,1227,162000,0
19128586,일반,8155480,말랑하니 디데이달력 ver.5칸_하늘그레이,R001627180004,양산1,2020-09-02,2020-08-28 09:17:25,30,30,0,직매입,N,,,,6000,5455,545,180000,0
19128586,일반,10451949,말랑하니 속싸개 메쉬 블루도트 S,R003451180016,양산1,2020-09-02,2020-08-28 09:17:25,12,12,0,직매입,N,,,,13500,12273,1227,162000,0
19128586,일반,11492984,말랑하니 오가닉속싸개_엘라스틴_그레이도트S,R004467000004,양산1,2020-09-02,2020-08-28 09:17:25,6,6,0,직매입,N,,,,13900,12636,1264,83400,0
19128586,일반,11492991,말랑하니 오가닉속싸개_메쉬_캐럿베이지L,R004467000002,양산1,2020-09-02,2020-08-28 09:17:25,8,8,0,직매입,N,,,,13900,12636,1264,111200,0
19128586,일반,11492985,말랑하니 오가닉속싸개_엘라스틴_캐럿핑크S,R004467000006,양산1,2020-09-02,2020-08-28 09:17:25,4,4,0,직매입,N,,,,13900,12636,1264,55600,0
19128391,일반,8155479,말랑하니 디데이달력 ver.5칸_핑크그레이,R001627180003,덕평1,2020-09-02,2020-08-28 09:17:24,60,60,0,직매입,N,,,,6000,5455,545,360000,0
19128391,일반,10451899,말랑하니 속싸개 오리지널 베이지 S,R003451180008,덕평1,2020-09-02,2020-08-28 09:17:24,8,8,0,직매입,N,,,,13500,12273,1227,108000,0
19128391,일반,10451895,말랑하니 스와들스트랩 오가닉코튼(베이지),R003451180005,덕평1,2020-09-02,2020-08-28 09:17:24,56,56,0,직매입,N,,,,13500,12273,1227,756000,0
19128391,일반,10451950,말랑하니 속싸개 메쉬 캐럿베이지 S,R003451180014,덕평1,2020-09-02,2020-08-28 09:17:24,42,42,0,직매입,N,,,,13500,12273,1227,567000,0
19128391,일반,8155480,말랑하니 디데이달력 ver.5칸_하늘그레이,R001627180004,덕평1,2020-09-02,2020-08-28 09:17:24,30,30,0,직매입,N,,,,6000,5455,545,180000,0
19128391,일반,10451949,말랑하니 속싸개 메쉬 블루도트 S,R003451180016,덕평1,2020-09-02,2020-08-28 09:17:24,64,64,0,직매입,N,,,,13500,12273,1227,864000,0
19128391,일반,11492984,말랑하니 오가닉속싸개_엘라스틴_그레이도트S,R004467000004,덕평1,2020-09-02,2020-08-28 09:17:24,8,8,0,직매입,N,,,,13900,12636,1264,111200,0
19128391,일반,10451943,말랑하니 속싸개 메쉬 블루도트 M,R003451180017,덕평1,2020-09-02,2020-08-28 09:17:24,100,100,0,직매입,N,,,,13500,12273,1227,1350000,0
19128391,일반,10451944,말랑하니 속싸개 메쉬 캐럿베이지 M,R003451180015,덕평1,2020-09-02,2020-08-28 09:17:24,100,100,0,직매입,N,,,,13500,12273,1227,1350000,0
19128391,일반,11492986,말랑하니 오가닉속싸개_엘라스틴_그레이도트M,R004467000001,덕평1,2020-09-02,2020-08-28 09:17:24,10,10,0,직매입,N,,,,13900,12636,1264,139000,0
19128391,일반,11492987,말랑하니 오가닉속싸개_엘라스틴_캐럿핑크M,R004467000003,덕평1,2020-09-02,2020-08-28 09:17:24,16,16,0,직매입,N,,,,13900,12636,1264,222400,0
19128391,일반,11492985,말랑하니 오가닉속싸개_엘라스틴_캐럿핑크S,R004467000006,덕평1,2020-09-02,2020-08-28 09:17:24,10,10,0,직매입,N,,,,13900,12636,1264,139000,0
19128296,일반,11576523,카키블린 워터매트 촉감놀이 유아장난감,R004626700001,양산1,2020-09-02,2020-08-28 09:17:23,50,50,0,직매입,N,,,,7500,6818,682,375000,0
19128114,일반,10451950,말랑하니 속싸개 메쉬 캐럿베이지 S,R003451180014,광주,2020-09-02,2020-08-28 09:17:22,2,2,0,직매입,N,,,,13500,12273,1227,27000,0
19128114,일반,11492987,말랑하니 오가닉속싸개_엘라스틴_캐럿핑크M,R004467000003,광주,2020-09-02,2020-08-28 09:17:22,2,2,0,직매입,N,,,,13900,12636,1264,27800,0
19037224,일반,10887352,카키블린 아기수영장,R003876190001,평택1,2020-09-02,2020-08-26 17:06:13,6,6,0,직매입,N,,,,28900,26273,2627,173400,0
19037208,일반,10887352,카키블린 아기수영장,R003876190001,천안,2020-09-02,2020-08-26 17:06:12,6,6,6,직매입,N,,,,28900,26273,2627,173400,173400
19036999,일반,10887352,카키블린 아기수영장,R003876190001,호법,2020-09-02,2020-08-26 17:06:11,24,24,0,직매입,N,,,,28900,26273,2627,693600,0
19036974,일반,7035937,[말랑하니 아기목튜브] 목튜브+오가닉커버 세트,R001328040001,대구2,2020-09-02,2020-08-26 17:06:11,32,32,0,직매입,N,,,,22770,20700,2070,728640,0
19036951,일반,10887352,카키블린 아기수영장,R003876190001,안성4,2020-09-02,2020-08-26 17:06:11,24,24,0,직매입,N,,,,28900,26273,2627,693600,0
19024265,일반,12245898,말랑하니 오가닉속싸개_엘라스틴_그레이도트L,R005352270004,인천4,2020-09-02,2020-08-26 11:40:41,2,2,0,직매입,N,,,,16900,15364,1536,33800,0
19024265,일반,11492990,말랑하니 오가닉스와들스트랩_엘라스틴_캐럿핑크,R004467000007,인천4,2020-09-02,2020-08-26 11:40:41,2,2,0,직매입,N,,,,13900,12636,1264,27800,0
19024265,일반,10451949,말랑하니 속싸개 메쉬 블루도트 S,R003451180016,인천4,2020-09-02,2020-08-26 11:40:41,2,2,0,직매입,N,,,,13500,12273,1227,27000,0
19024265,일반,10451895,말랑하니 스와들스트랩 오가닉코튼(베이지),R003451180005,인천4,2020-09-02,2020-08-26 11:40:41,4,4,0,직매입,N,,,,13500,12273,1227,54000,0
19024160,일반,10451950,말랑하니 속싸개 메쉬 캐럿베이지 S,R003451180014,인천1,2020-09-02,2020-08-26 11:40:41,2,2,0,직매입,N,,,,13500,12273,1227,27000,0
19024144,일반,8155478,말랑하니 더블라인박스_하늘,R001627180002,광주,2020-09-02,2020-08-26 11:40:41,2,2,0,직매입,N,,,,3369,3063,306,6738,0
19024144,일반,8155477,말랑하니 더블라인박스_핑크,R001627180001,광주,2020-09-02,2020-08-26 11:40:41,10,10,0,직매입,N,,,,3324,3022,302,33240,0
19024144,일반,11492987,말랑하니 오가닉속싸개_엘라스틴_캐럿핑크M,R004467000003,광주,2020-09-02,2020-08-26 11:40:41,2,2,0,직매입,N,,,,13900,12636,1264,27800,0
19024144,일반,11492986,말랑하니 오가닉속싸개_엘라스틴_그레이도트M,R004467000001,광주,2020-09-02,2020-08-26 11:40:41,2,2,0,직매입,N,,,,13900,12636,1264,27800,0
19024129,일반,10451944,말랑하니 속싸개 메쉬 캐럿베이지 M,R003451180015,대구2,2020-09-02,2020-08-26 11:40:40,50,50,0,직매입,N,,,,13500,12273,1227,675000,0
18942795,일반,11576523,카키블린 워터매트 촉감놀이 유아장난감,R004626700001,양산1,2020-08-26,2020-08-21 15:13:39,50,50,50,직매입,N,,,,7500,6818,682,375000,375000
18942768,일반,11492992,말랑하니 오가닉속싸개_메쉬_블루도트L,R004467000008,양산1,2020-08-26,2020-08-21 15:13:39,2,2,2,직매입,N,,,,13900,12636,1264,27800,27800
18942768,일반,11492991,말랑하니 오가닉속싸개_메쉬_캐럿베이지L,R004467000002,양산1,2020-08-26,2020-08-21 15:13:39,2,2,2,직매입,N,,,,13900,12636,1264,27800,27800
18942768,일반,10451949,말랑하니 속싸개 메쉬 블루도트 S,R003451180016,양산1,2020-08-26,2020-08-21 15:13:39,2,2,2,직매입,N,,,,13500,12273,1227,27000,27000
18942768,일반,10451947,말랑하니 여름속싸개 메쉬 + 스와들 오가닉 코튼 메쉬 스트랩 세트 S 캐럿베이지,R003451180001,양산1,2020-08-26,2020-08-21 15:13:39,2,2,2,직매입,N,,,,26500,24091,2409,53000,53000
18942768,일반,10451895,말랑하니 스와들스트랩 오가닉코튼(베이지),R003451180005,양산1,2020-08-26,2020-08-21 15:13:39,4,4,4,직매입,N,,,,13500,12273,1227,54000,54000
18942734,일반,10451895,말랑하니 스와들스트랩 오가닉코튼(베이지),R003451180005,서울,2020-08-26,2020-08-21 15:13:39,8,8,8,직매입,N,,,,13500,12273,1227,108000,108000
18936521,일반,11576523,카키블린 워터매트 촉감놀이 유아장난감,R004626700001,덕평1,2020-08-26,2020-08-21 15:04:48,150,150,0,직매입,N,,,,7500,6818,682,1125000,0
18931090,일반,10451895,말랑하니 스와들스트랩 오가닉코튼(베이지),R003451180005,대구2,2020-08-26,2020-08-21 09:41:54,4,4,4,직매입,N,,,,13500,12273,1227,54000,54000
18931090,일반,11492985,말랑하니 오가닉속싸개_엘라스틴_캐럿핑크S,R004467000006,대구2,2020-08-26,2020-08-21 09:41:54,14,14,14,직매입,N,,,,13900,12636,1264,194600,194600
18930984,일반,10451895,말랑하니 스와들스트랩 오가닉코튼(베이지),R003451180005,동탄1,2020-08-26,2020-08-21 09:41:53,4,4,0,직매입,N,,,,13500,12273,1227,54000,0
18930984,일반,11492992,말랑하니 오가닉속싸개_메쉬_블루도트L,R004467000008,동탄1,2020-08-26,2020-08-21 09:41:53,6,6,0,직매입,N,,,,13900,12636,1264,83400,0
18930984,일반,10451944,말랑하니 속싸개 메쉬 캐럿베이지 M,R003451180015,동탄1,2020-08-26,2020-08-21 09:41:53,100,100,0,직매입,N,,,,13500,12273,1227,1350000,0
18930984,일반,11492991,말랑하니 오가닉속싸개_메쉬_캐럿베이지L,R004467000002,동탄1,2020-08-26,2020-08-21 09:41:53,22,22,0,직매입,N,,,,13900,12636,1264,305800,0
18930984,일반,11492984,말랑하니 오가닉속싸개_엘라스틴_그레이도트S,R004467000004,동탄1,2020-08-26,2020-08-21 09:41:53,34,34,0,직매입,N,,,,13900,12636,1264,472600,0
18930984,일반,11492985,말랑하니 오가닉속싸개_엘라스틴_캐럿핑크S,R004467000006,동탄1,2020-08-26,2020-08-21 09:41:53,18,18,0,직매입,N,,,,13900,12636,1264,250200,0
18930883,일반,11763103,루미레브 하이방석 8cm 캐릭터형_공룡커드_카키 + 동화책,R004669850004,서울,2020-08-26,2020-08-21 09:41:53,6,6,6,직매입,N,,,,21000,19091,1909,126000,126000
18930782,일반,11492992,말랑하니 오가닉속싸개_메쉬_블루도트L,R004467000008,양산1,2020-08-26,2020-08-21 09:41:52,2,2,2,직매입,N,,,,13900,12636,1264,27800,27800
18930782,일반,10451944,말랑하니 속싸개 메쉬 캐럿베이지 M,R003451180015,양산1,2020-08-26,2020-08-21 09:41:52,50,50,50,직매입,N,,,,13500,12273,1227,675000,675000
18930782,일반,11492991,말랑하니 오가닉속싸개_메쉬_캐럿베이지L,R004467000002,양산1,2020-08-26,2020-08-21 09:41:52,6,6,6,직매입,N,,,,13900,12636,1264,83400,83400
18930782,일반,11492984,말랑하니 오가닉속싸개_엘라스틴_그레이도트S,R004467000004,양산1,2020-08-26,2020-08-21 09:41:52,8,8,8,직매입,N,,,,13900,12636,1264,111200,111200
18918568,일반,11763103,루미레브 하이방석 8cm 캐릭터형_공룡커드_카키 + 동화책,R004669850004,호법,2020-08-26,2020-08-21 09:40:53,6,6,6,직매입,N,,,,21000,19091,1909,126000,126000
18918422,일반,10451895,말랑하니 스와들스트랩 오가닉코튼(베이지),R003451180005,덕평1,2020-08-26,2020-08-21 09:40:53,4,4,0,직매입,N,,,,13500,12273,1227,54000,0
18918422,일반,11492992,말랑하니 오가닉속싸개_메쉬_블루도트L,R004467000008,덕평1,2020-08-26,2020-08-21 09:40:53,4,4,0,직매입,N,,,,13900,12636,1264,55600,0
18918422,일반,10451944,말랑하니 속싸개 메쉬 캐럿베이지 M,R003451180015,덕평1,2020-08-26,2020-08-21 09:40:53,50,50,0,직매입,N,,,,13500,12273,1227,675000,0
18918422,일반,11492991,말랑하니 오가닉속싸개_메쉬_캐럿베이지L,R004467000002,덕평1,2020-08-26,2020-08-21 09:40:53,4,4,0,직매입,N,,,,13900,12636,1264,55600,0
18918422,일반,11492984,말랑하니 오가닉속싸개_엘라스틴_그레이도트S,R004467000004,덕평1,2020-08-26,2020-08-21 09:40:53,10,10,0,직매입,N,,,,13900,12636,1264,139000,0
18918422,일반,11492985,말랑하니 오가닉속싸개_엘라스틴_캐럿핑크S,R004467000006,덕평1,2020-08-26,2020-08-21 09:40:53,14,14,0,직매입,N,,,,13900,12636,1264,194600,0
18918247,일반,11492985,말랑하니 오가닉속싸개_엘라스틴_캐럿핑크S,R004467000006,서울,2020-08-26,2020-08-21 09:40:52,2,2,2,직매입,N,,,,13900,12636,1264,27800,27800
18918027,일반,11763103,루미레브 하이방석 8cm 캐릭터형_공룡커드_카키 + 동화책,R004669850004,마장1,2020-08-26,2020-08-21 09:40:51,6,6,0,직매입,N,,,,21000,19091,1909,126000,0
18859520,일반,10887352,카키블린 아기수영장,R003876190001,안성4,2020-08-26,2020-08-19 15:22:16,78,78,78,직매입,N,,,,28900,26273,2627,2254200,2254200
18783498,일반,11316367,루미레브 붙이는유아자석칠판 유리용 850X1200 아이싱핑크 + 아모스 파스넷 색연필 랜덤발송 2p,R004256300010,목천1,2020-08-19,2020-08-14 21:51:11,1,1,1,직매입,N,,,,26000,23636,2364,26000,26000
18783498,일반,11316362,루미레브 붙이는유아자석칠판 유리용 850X1200 앨리스블루 + 아모스 파스넷 색연필 랜덤발송 2p,R004256300011,목천1,2020-08-19,2020-08-14 21:51:11,2,2,2,직매입,N,,,,26000,23636,2364,52000,52000
18783472,일반,11316364,루미레브 붙이는유아자석칠판 유리용 600X850 아이싱핑크 + 아모스 파스넷 색연필 랜덤발송 2p,R004256300007,호법,2020-08-19,2020-08-14 21:51:11,4,4,4,직매입,N,,,,16000,14545,1455,64000,64000
18783415,일반,11316356,루미레브 붙이는유아자석칠판 벽지용 600X850 아이싱핑크 + 아모스 파스넷 색연필 랜덤발송 2p,R004256300001,천안,2020-08-19,2020-08-14 21:51:11,6,6,6,직매입,N,,,,16000,14545,1455,96000,96000
18761433,일반,11763100,루미레브 하이방석 8cm 벤치형_아이보리 + 동화책,R004669850001,평택1,2020-08-19,2020-08-14 13:07:14,3,3,3,직매입,N,,,,21000,19091,1909,63000,63000
18761433,일반,11763104,루미레브 하이방석 8cm 캐릭터형_토끼루디_핑크 + 동화책,R004669850006,평택1,2020-08-19,2020-08-14 13:07:14,3,3,3,직매입,N,,,,21000,19091,1909,63000,63000
18761378,일반,11763099,루미레브 하이방석 8cm 캐릭터형_코알라알로_아이보리 + 동화책,R004669850005,마장1,2020-08-19,2020-08-14 13:07:14,1,1,0,직매입,N,,,,21000,19091,1909,21000,0
18761312,일반,10451949,말랑하니 속싸개 메쉬 블루도트 S,R003451180016,대구2,2020-08-19,2020-08-14 13:07:13,46,46,46,직매입,N,,,,13500,12273,1227,621000,621000
18761312,일반,10451950,말랑하니 속싸개 메쉬 캐럿베이지 S,R003451180014,대구2,2020-08-19,2020-08-14 13:07:13,32,32,0,직매입,N,,,,13500,12273,1227,432000,0
18761312,일반,10451895,말랑하니 스와들스트랩 오가닉코튼(베이지),R003451180005,대구2,2020-08-19,2020-08-14 13:07:13,16,16,16,직매입,N,,,,13500,12273,1227,216000,216000
18761176,일반,11576523,카키블린 워터매트 촉감놀이 유아장난감,R004626700001,동탄1,2020-08-19,2020-08-14 13:07:12,50,50,50,직매입,N,,,,7500,6818,682,375000,375000
18761065,일반,12154691,아이블린 아기볼풀장 실내놀이 촉감놀이 아기수영장,R005243490001,인천4,2020-08-19,2020-08-14 13:07:12,1,1,1,직매입,N,,,,55000,50000,5000,55000,55000
18761065,일반,3323834,"나이비 목튜브, 민트",8809406735262,인천4,2020-08-19,2020-08-14 13:07:12,1,0,0,직매입,N,,,,12500,11364,1136,12500,0
18761065,일반,11576523,카키블린 워터매트 촉감놀이 유아장난감,R004626700001,인천4,2020-08-19,2020-08-14 13:07:12,50,50,50,직매입,N,,,,7500,6818,682,375000,375000
18761065,일반,12170645,루미레브 붙이는화이트보드 벽지용 사각 300X400 앨리스블루,R005220520002,인천4,2020-08-19,2020-08-14 13:07:12,2,2,2,직매입,N,,,,8000,7273,727,16000,16000
18760861,일반,11492984,말랑하니 오가닉속싸개_엘라스틴_그레이도트S,R004467000004,양산1,2020-08-19,2020-08-14 13:07:11,2,2,2,직매입,N,,,,13900,12636,1264,27800,27800
18760861,일반,12245898,말랑하니 오가닉속싸개_엘라스틴_그레이도트L,R005352270004,양산1,2020-08-19,2020-08-14 13:07:11,4,4,4,직매입,N,,,,16900,15364,1536,67600,67600
18760861,일반,10451949,말랑하니 속싸개 메쉬 블루도트 S,R003451180016,양산1,2020-08-19,2020-08-14 13:07:11,16,16,0,직매입,N,,,,13500,12273,1227,216000,0
18760861,일반,11492985,말랑하니 오가닉속싸개_엘라스틴_캐럿핑크S,R004467000006,양산1,2020-08-19,2020-08-14 13:07:11,2,2,2,직매입,N,,,,13900,12636,1264,27800,27800
18760861,일반,10451950,말랑하니 속싸개 메쉬 캐럿베이지 S,R003451180014,양산1,2020-08-19,2020-08-14 13:07:11,12,12,12,직매입,N,,,,13500,12273,1227,162000,162000
18760861,일반,10451898,말랑하니 속싸개 오리지널 모카브라운 M,R003451180011,양산1,2020-08-19,2020-08-14 13:07:11,2,0,0,직매입,N,,,,13500,12273,1227,27000,0
18760861,일반,10451952,말랑하니 스와들스트랩 오가닉코튼메쉬-블루도트,R003451180007,양산1,2020-08-19,2020-08-14 13:07:11,50,50,30,직매입,N,,,,13500,12273,1227,675000,405000
18760861,일반,10451951,말랑하니 스와들스트랩 오가닉코튼메쉬-캐럿베이지,R003451180006,양산1,2020-08-19,2020-08-14 13:07:11,50,50,50,직매입,N,,,,13500,12273,1227,675000,675000
18760672,일반,11763099,루미레브 하이방석 8cm 캐릭터형_코알라알로_아이보리 + 동화책,R004669850005,서울,2020-08-19,2020-08-14 13:07:09,4,4,4,직매입,N,,,,21000,19091,1909,84000,84000
18760611,일반,10306775,말랑하니 역류방지쿠션침대,R003271020001,안성4,2020-08-19,2020-08-14 13:07:09,1,1,1,직매입,N,,,,48000,43636,4364,48000,48000
18760611,일반,11763104,루미레브 하이방석 8cm 캐릭터형_토끼루디_핑크 + 동화책,R004669850006,안성4,2020-08-19,2020-08-14 13:07:09,12,12,12,직매입,N,,,,21000,19091,1909,252000,252000
18760591,일반,11763100,루미레브 하이방석 8cm 벤치형_아이보리 + 동화책,R004669850001,고양1,2020-08-19,2020-08-14 13:07:09,3,3,3,직매입,N,,,,21000,19091,1909,63000,63000
18760591,일반,11763103,루미레브 하이방석 8cm 캐릭터형_공룡커드_카키 + 동화책,R004669850004,고양1,2020-08-19,2020-08-14 13:07:09,3,3,3,직매입,N,,,,21000,19091,1909,63000,63000
18760591,일반,11763099,루미레브 하이방석 8cm 캐릭터형_코알라알로_아이보리 + 동화책,R004669850005,고양1,2020-08-19,2020-08-14 13:07:09,3,3,3,직매입,N,,,,21000,19091,1909,63000,63000
18760476,일반,11576523,카키블린 워터매트 촉감놀이 유아장난감,R004626700001,양산1,2020-08-19,2020-08-14 13:07:08,100,100,100,직매입,N,,,,7500,6818,682,750000,750000
18760373,일반,11492984,말랑하니 오가닉속싸개_엘라스틴_그레이도트S,R004467000004,인천4,2020-08-19,2020-08-14 13:07:07,4,4,4,직매입,N,,,,13900,12636,1264,55600,55600
18760373,일반,12245898,말랑하니 오가닉속싸개_엘라스틴_그레이도트L,R005352270004,인천4,2020-08-19,2020-08-14 13:07:07,2,2,2,직매입,N,,,,16900,15364,1536,33800,33800
18760373,일반,10451949,말랑하니 속싸개 메쉬 블루도트 S,R003451180016,인천4,2020-08-19,2020-08-14 13:07:07,18,18,0,직매입,N,,,,13500,12273,1227,243000,0
18760373,일반,8155477,말랑하니 더블라인박스_핑크,R001627180001,인천4,2020-08-19,2020-08-14 13:07:07,10,10,10,직매입,N,,,,3324,3022,302,33240,33240
18760373,일반,11492985,말랑하니 오가닉속싸개_엘라스틴_캐럿핑크S,R004467000006,인천4,2020-08-19,2020-08-14 13:07:07,4,4,4,직매입,N,,,,13900,12636,1264,55600,55600
18760373,일반,11492992,말랑하니 오가닉속싸개_메쉬_블루도트L,R004467000008,인천4,2020-08-19,2020-08-14 13:07:07,2,2,2,직매입,N,,,,13900,12636,1264,27800,27800
18760373,일반,10451950,말랑하니 속싸개 메쉬 캐럿베이지 S,R003451180014,인천4,2020-08-19,2020-08-14 13:07:07,28,28,28,직매입,N,,,,13500,12273,1227,378000,378000
18760373,일반,10451947,말랑하니 여름속싸개 메쉬 + 스와들 오가닉 코튼 메쉬 스트랩 세트 S 캐럿베이지,R003451180001,인천4,2020-08-19,2020-08-14 13:07:07,4,4,4,직매입,N,,,,26500,24091,2409,106000,106000
18760373,일반,11492991,말랑하니 오가닉속싸개_메쉬_캐럿베이지L,R004467000002,인천4,2020-08-19,2020-08-14 13:07:07,2,2,2,직매입,N,,,,13900,12636,1264,27800,27800
18760373,일반,11492986,말랑하니 오가닉속싸개_엘라스틴_그레이도트M,R004467000001,인천4,2020-08-19,2020-08-14 13:07:07,2,2,2,직매입,N,,,,13900,12636,1264,27800,27800
18760373,일반,10451898,말랑하니 속싸개 오리지널 모카브라운 M,R003451180011,인천4,2020-08-19,2020-08-14 13:07:07,8,0,0,직매입,N,,,,13500,12273,1227,108000,0
18760373,일반,10451895,말랑하니 스와들스트랩 오가닉코튼(베이지),R003451180005,인천4,2020-08-19,2020-08-14 13:07:07,8,8,8,직매입,N,,,,13500,12273,1227,108000,108000
18760373,일반,10451945,말랑하니 여름속싸개 메쉬 + 스와들 오가닉 코튼 메쉬 스트랩 세트 M 블루도트,R003451180004,인천4,2020-08-19,2020-08-14 13:07:07,8,8,8,직매입,N,,,,26500,24091,2409,212000,212000
18760221,일반,10451950,말랑하니 속싸개 메쉬 캐럿베이지 S,R003451180014,인천1,2020-08-19,2020-08-14 13:07:06,2,2,0,직매입,N,,,,13500,12273,1227,27000,0
18760157,일반,11267174,말랑하니 뒤집으면 꺼지는 타이머 수유등 취침등 신생아수유등 그레이,R004242410001,대구2,2020-08-19,2020-08-14 13:07:06,30,30,30,직매입,N,,,,11900,10818,1082,357000,357000
18760157,일반,11230762,말랑하니 뒤집으면 꺼지는 타이머 수유등 취침등 신생아수유등 우드,R004188950001,대구2,2020-08-19,2020-08-14 13:07:06,30,30,30,직매입,N,,,,11900,10818,1082,357000,357000
18760000,일반,12170645,루미레브 붙이는화이트보드 벽지용 사각 300X400 앨리스블루,R005220520002,고양1,2020-08-19,2020-08-14 13:07:05,2,2,2,직매입,N,,,,8000,7273,727,16000,16000
18759991,일반,11763099,루미레브 하이방석 8cm 캐릭터형_코알라알로_아이보리 + 동화책,R004669850005,광주,2020-08-19,2020-08-14 13:07:05,1,1,0,직매입,N,,,,21000,19091,1909,21000,0
18759805,일반,11492984,말랑하니 오가닉속싸개_엘라스틴_그레이도트S,R004467000004,고양1,2020-08-19,2020-08-14 13:07:04,2,2,2,직매입,N,,,,13900,12636,1264,27800,27800
18759805,일반,10451949,말랑하니 속싸개 메쉬 블루도트 S,R003451180016,고양1,2020-08-19,2020-08-14 13:07:04,8,8,0,직매입,N,,,,13500,12273,1227,108000,0
18759805,일반,10451950,말랑하니 속싸개 메쉬 캐럿베이지 S,R003451180014,고양1,2020-08-19,2020-08-14 13:07:04,4,4,0,직매입,N,,,,13500,12273,1227,54000,0
18759805,일반,11492986,말랑하니 오가닉속싸개_엘라스틴_그레이도트M,R004467000001,고양1,2020-08-19,2020-08-14 13:07:04,2,2,2,직매입,N,,,,13900,12636,1264,27800,27800
18759805,일반,10451898,말랑하니 속싸개 오리지널 모카브라운 M,R003451180011,고양1,2020-08-19,2020-08-14 13:07:04,2,0,0,직매입,N,,,,13500,12273,1227,27000,0
18759805,일반,10451945,말랑하니 여름속싸개 메쉬 + 스와들 오가닉 코튼 메쉬 스트랩 세트 M 블루도트,R003451180004,고양1,2020-08-19,2020-08-14 13:07:04,2,2,2,직매입,N,,,,26500,24091,2409,53000,53000
18759732,일반,11763104,루미레브 하이방석 8cm 캐릭터형_토끼루디_핑크 + 동화책,R004669850006,인천5,2020-08-19,2020-08-14 13:07:03,3,3,3,직매입,N,,,,21000,19091,1909,63000,63000
18759481,일반,11763100,루미레브 하이방석 8cm 벤치형_아이보리 + 동화책,R004669850001,인천1,2020-08-19,2020-08-14 13:07:02,9,9,9,직매입,N,,,,21000,19091,1909,189000,189000
18759481,일반,11763099,루미레브 하이방석 8cm 캐릭터형_코알라알로_아이보리 + 동화책,R004669850005,인천1,2020-08-19,2020-08-14 13:07:02,3,3,3,직매입,N,,,,21000,19091,1909,63000,63000
18759232,일반,10451901,말랑하니 속싸개 오리지널 모카브라운 S,R003451180010,덕평1,2020-08-19,2020-08-14 13:07:01,2,0,0,직매입,N,,,,13500,12273,1227,27000,0
18759232,일반,11492984,말랑하니 오가닉속싸개_엘라스틴_그레이도트S,R004467000004,덕평1,2020-08-19,2020-08-14 13:07:01,10,10,10,직매입,N,,,,13900,12636,1264,139000,139000
18759232,일반,10451946,말랑하니 여름속싸개 메쉬+ 스와들 오가닉 코튼 메쉬 스트랩 세트 S 블루도트,R003451180003,덕평1,2020-08-19,2020-08-14 13:07:01,2,2,2,직매입,N,,,,26500,24091,2409,53000,53000
18759232,일반,12245898,말랑하니 오가닉속싸개_엘라스틴_그레이도트L,R005352270004,덕평1,2020-08-19,2020-08-14 13:07:01,6,6,6,직매입,N,,,,16900,15364,1536,101400,101400
18759232,일반,10451949,말랑하니 속싸개 메쉬 블루도트 S,R003451180016,덕평1,2020-08-19,2020-08-14 13:07:01,52,52,0,직매입,N,,,,13500,12273,1227,702000,0
18759232,일반,11492985,말랑하니 오가닉속싸개_엘라스틴_캐럿핑크S,R004467000006,덕평1,2020-08-19,2020-08-14 13:07:01,8,8,8,직매입,N,,,,13900,12636,1264,111200,111200
18759232,일반,11492992,말랑하니 오가닉속싸개_메쉬_블루도트L,R004467000008,덕평1,2020-08-19,2020-08-14 13:07:01,4,4,4,직매입,N,,,,13900,12636,1264,55600,55600
18759232,일반,10451950,말랑하니 속싸개 메쉬 캐럿베이지 S,R003451180014,덕평1,2020-08-19,2020-08-14 13:07:01,62,62,0,직매입,N,,,,13500,12273,1227,837000,0
18759232,일반,10451947,말랑하니 여름속싸개 메쉬 + 스와들 오가닉 코튼 메쉬 스트랩 세트 S 캐럿베이지,R003451180001,덕평1,2020-08-19,2020-08-14 13:07:01,2,2,2,직매입,N,,,,26500,24091,2409,53000,53000
18759232,일반,11492991,말랑하니 오가닉속싸개_메쉬_캐럿베이지L,R004467000002,덕평1,2020-08-19,2020-08-14 13:07:01,8,8,8,직매입,N,,,,13900,12636,1264,111200,111200
18759232,일반,11492986,말랑하니 오가닉속싸개_엘라스틴_그레이도트M,R004467000001,덕평1,2020-08-19,2020-08-14 13:07:01,14,14,14,직매입,N,,,,13900,12636,1264,194600,194600
18759232,일반,10451898,말랑하니 속싸개 오리지널 모카브라운 M,R003451180011,덕평1,2020-08-19,2020-08-14 13:07:01,4,0,0,직매입,N,,,,13500,12273,1227,54000,0
18759232,일반,10451895,말랑하니 스와들스트랩 오가닉코튼(베이지),R003451180005,덕평1,2020-08-19,2020-08-14 13:07:01,8,8,8,직매입,N,,,,13500,12273,1227,108000,108000
18759232,일반,10451951,말랑하니 스와들스트랩 오가닉코튼메쉬-캐럿베이지,R003451180006,덕평1,2020-08-19,2020-08-14 13:07:01,50,50,50,직매입,N,,,,13500,12273,1227,675000,675000
18759232,일반,10451945,말랑하니 여름속싸개 메쉬 + 스와들 오가닉 코튼 메쉬 스트랩 세트 M 블루도트,R003451180004,덕평1,2020-08-19,2020-08-14 13:07:01,4,4,4,직매입,N,,,,26500,24091,2409,106000,106000
18759140,일반,11316364,루미레브 붙이는유아자석칠판 유리용 600X850 아이싱핑크 + 아모스 파스넷 색연필 랜덤발송 2p,R004256300007,안성4,2020-08-19,2020-08-14 13:07:00,4,4,4,직매입,N,,,,16000,14545,1455,64000,64000
18758998,일반,10306775,말랑하니 역류방지쿠션침대,R003271020001,호법,2020-08-19,2020-08-14 13:06:59,1,1,1,직매입,N,,,,48000,43636,4364,48000,48000
18758998,일반,11763104,루미레브 하이방석 8cm 캐릭터형_토끼루디_핑크 + 동화책,R004669850006,호법,2020-08-19,2020-08-14 13:06:59,18,18,18,직매입,N,,,,21000,19091,1909,378000,378000
18758998,일반,10451956,말랑하니 클래식 역류방지쿠션 파인아이 코튼 썸머 쿠션+커버,R003450470001,호법,2020-08-19,2020-08-14 13:06:59,1,0,0,직매입,N,,,,31000,28182,2818,31000,0
18758998,일반,11763103,루미레브 하이방석 8cm 캐릭터형_공룡커드_카키 + 동화책,R004669850004,호법,2020-08-19,2020-08-14 13:06:59,3,3,3,직매입,N,,,,21000,19091,1909,63000,63000
18758888,일반,11576523,카키블린 워터매트 촉감놀이 유아장난감,R004626700001,덕평1,2020-08-19,2020-08-14 13:06:59,150,150,149,직매입,N,,,,7500,6818,682,1125000,1117500
18758888,일반,3323833,"나이비 목튜브, 핑크",8809406735316,덕평1,2020-08-19,2020-08-14 13:06:59,1,0,0,직매입,N,,,,12500,11364,1136,12500,0
18758888,일반,12170645,루미레브 붙이는화이트보드 벽지용 사각 300X400 앨리스블루,R005220520002,덕평1,2020-08-19,2020-08-14 13:06:59,7,7,7,직매입,N,,,,8000,7273,727,56000,56000
18758711,일반,11316364,루미레브 붙이는유아자석칠판 유리용 600X850 아이싱핑크 + 아모스 파스넷 색연필 랜덤발송 2p,R004256300007,호법,2020-08-19,2020-08-14 13:06:58,4,4,4,직매입,N,,,,16000,14545,1455,64000,64000
18758711,일반,11316366,루미레브 붙이는유아자석칠판 유리용 600X850 내추럴그레이 + 아모스 파스넷 색연필 랜덤발송 2p,R004256300009,호법,2020-08-19,2020-08-14 13:06:58,4,4,4,직매입,N,,,,16000,14545,1455,64000,64000
18758711,일반,11316367,루미레브 붙이는유아자석칠판 유리용 850X1200 아이싱핑크 + 아모스 파스넷 색연필 랜덤발송 2p,R004256300010,호법,2020-08-19,2020-08-14 13:06:58,1,1,1,직매입,N,,,,26000,23636,2364,26000,26000
18758711,일반,11316362,루미레브 붙이는유아자석칠판 유리용 850X1200 앨리스블루 + 아모스 파스넷 색연필 랜덤발송 2p,R004256300011,호법,2020-08-19,2020-08-14 13:06:58,3,3,3,직매입,N,,,,26000,23636,2364,78000,78000
18758638,일반,10454955,말랑하니 소프트의자 달력하늘 세트,R003450470007,덕평1,2020-08-19,2020-08-14 13:06:57,3,3,3,직매입,N,,,,25500,23182,2318,76500,76500
18758638,일반,4141189,말랑하니 소프트의자,R001040310001,덕평1,2020-08-19,2020-08-14 13:06:57,16,16,16,직매입,N,,,,21000,19091,1909,336000,336000
18758638,일반,11230762,말랑하니 뒤집으면 꺼지는 타이머 수유등 취침등 신생아수유등 우드,R004188950001,덕평1,2020-08-19,2020-08-14 13:06:57,90,90,90,직매입,N,,,,11900,10818,1082,1071000,1071000
18758413,일반,10306775,말랑하니 역류방지쿠션침대,R003271020001,목천1,2020-08-19,2020-08-14 13:06:56,1,1,1,직매입,N,,,,48000,43636,4364,48000,48000
18758413,일반,11763104,루미레브 하이방석 8cm 캐릭터형_토끼루디_핑크 + 동화책,R004669850006,목천1,2020-08-19,2020-08-14 13:06:56,12,12,12,직매입,N,,,,21000,19091,1909,252000,252000
18758323,일반,11763099,루미레브 하이방석 8cm 캐릭터형_코알라알로_아이보리 + 동화책,R004669850005,부천1,2020-08-19,2020-08-14 13:06:56,4,4,4,직매입,N,,,,21000,19091,1909,84000,84000
18758293,일반,11267174,말랑하니 뒤집으면 꺼지는 타이머 수유등 취침등 신생아수유등 그레이,R004242410001,동탄1,2020-08-19,2020-08-14 13:06:55,30,30,30,직매입,N,,,,11900,10818,1082,357000,357000
18758293,일반,11230762,말랑하니 뒤집으면 꺼지는 타이머 수유등 취침등 신생아수유등 우드,R004188950001,동탄1,2020-08-19,2020-08-14 13:06:55,120,120,120,직매입,N,,,,11900,10818,1082,1428000,1428000
18758148,일반,11316367,루미레브 붙이는유아자석칠판 유리용 850X1200 아이싱핑크 + 아모스 파스넷 색연필 랜덤발송 2p,R004256300010,천안,2020-08-19,2020-08-14 13:06:55,1,1,1,직매입,N,,,,26000,23636,2364,26000,26000
18758056,일반,10454955,말랑하니 소프트의자 달력하늘 세트,R003450470007,인천4,2020-08-19,2020-08-14 13:06:54,1,1,1,직매입,N,,,,25500,23182,2318,25500,25500
18758056,일반,11230762,말랑하니 뒤집으면 꺼지는 타이머 수유등 취침등 신생아수유등 우드,R004188950001,인천4,2020-08-19,2020-08-14 13:06:54,90,90,88,직매입,N,,,,11900,10818,1082,1071000,1047200
18757955,일반,10451949,말랑하니 속싸개 메쉬 블루도트 S,R003451180016,동탄1,2020-08-19,2020-08-14 13:06:54,4,4,0,직매입,N,,,,13500,12273,1227,54000,0
18757955,일반,11492992,말랑하니 오가닉속싸개_메쉬_블루도트L,R004467000008,동탄1,2020-08-19,2020-08-14 13:06:54,2,2,2,직매입,N,,,,13900,12636,1264,27800,27800
18757955,일반,10451950,말랑하니 속싸개 메쉬 캐럿베이지 S,R003451180014,동탄1,2020-08-19,2020-08-14 13:06:54,10,10,0,직매입,N,,,,13500,12273,1227,135000,0
18757955,일반,11492991,말랑하니 오가닉속싸개_메쉬_캐럿베이지L,R004467000002,동탄1,2020-08-19,2020-08-14 13:06:54,6,6,6,직매입,N,,,,13900,12636,1264,83400,83400
18757955,일반,11492986,말랑하니 오가닉속싸개_엘라스틴_그레이도트M,R004467000001,동탄1,2020-08-19,2020-08-14 13:06:54,22,22,22,직매입,N,,,,13900,12636,1264,305800,305800
18757955,일반,10451895,말랑하니 스와들스트랩 오가닉코튼(베이지),R003451180005,동탄1,2020-08-19,2020-08-14 13:06:54,8,8,8,직매입,N,,,,13500,12273,1227,108000,108000
18757955,일반,10451951,말랑하니 스와들스트랩 오가닉코튼메쉬-캐럿베이지,R003451180006,동탄1,2020-08-19,2020-08-14 13:06:54,50,50,50,직매입,N,,,,13500,12273,1227,675000,675000
18757843,일반,11267174,말랑하니 뒤집으면 꺼지는 타이머 수유등 취침등 신생아수유등 그레이,R004242410001,양산1,2020-08-19,2020-08-14 13:06:53,30,30,30,직매입,N,,,,11900,10818,1082,357000,357000
18757843,일반,11230762,말랑하니 뒤집으면 꺼지는 타이머 수유등 취침등 신생아수유등 우드,R004188950001,양산1,2020-08-19,2020-08-14 13:06:53,30,30,30,직매입,N,,,,11900,10818,1082,357000,357000
18711087,일반,12245897,말랑하니 오가닉속싸개_오리지널_베이지L,R005352270003,동탄1,2020-08-26,2020-08-14 10:13:05,2,2,0,직매입,N,,,,16900,15364,1536,33800,0
18711087,일반,12245895,말랑하니 오가닉속싸개_오리지널_스트라이프L,R005352270001,동탄1,2020-08-26,2020-08-14 10:13:05,2,0,0,직매입,N,,,,16900,15364,1536,33800,0
18662008,일반,11763104,루미레브 하이방석 8cm 캐릭터형_토끼루디_핑크 + 동화책,R004669850006,호법,2020-08-19,2020-08-12 17:26:04,9,9,9,직매입,N,,,,21000,19091,1909,189000,189000
18661983,일반,11763104,루미레브 하이방석 8cm 캐릭터형_토끼루디_핑크 + 동화책,R004669850006,천안,2020-08-19,2020-08-12 17:26:04,6,6,6,직매입,N,,,,21000,19091,1909,126000,126000
18656328,일반,11763100,루미레브 하이방석 8cm 벤치형_아이보리 + 동화책,R004669850001,마장1,2020-08-19,2020-08-12 17:20:58,3,3,0,직매입,N,,,,21000,19091,1909,63000,0
18628977,일반,11763104,루미레브 하이방석 8cm 캐릭터형_토끼루디_핑크 + 동화책,R004669850006,인천5,2020-08-19,2020-08-11 17:37:52,3,3,3,직매입,N,,,,21000,19091,1909,63000,63000
18628948,일반,11763104,루미레브 하이방석 8cm 캐릭터형_토끼루디_핑크 + 동화책,R004669850006,평택1,2020-08-19,2020-08-11 17:37:52,3,3,3,직매입,N,,,,21000,19091,1909,63000,63000
18531064,일반,11316363,루미레브 붙이는유아자석칠판 유리용 850X1200 내추럴그레이 + 아모스 파스넷 색연필 랜덤발송 2p,R004256300012,안성4,2020-08-12,2020-08-07 15:21:44,2,2,2,직매입,N,,,,26000,23636,2364,52000,52000
18531064,일반,11316362,루미레브 붙이는유아자석칠판 유리용 850X1200 앨리스블루 + 아모스 파스넷 색연필 랜덤발송 2p,R004256300011,안성4,2020-08-12,2020-08-07 15:21:44,1,1,1,직매입,N,,,,26000,23636,2364,26000,26000
18507683,일반,11763103,루미레브 하이방석 8cm 캐릭터형_공룡커드_카키 + 동화책,R004669850004,광주,2020-08-12,2020-08-07 09:34:13,6,6,6,직매입,N,,,,21000,19091,1909,126000,126000
18507480,일반,10887352,카키블린 아기수영장,R003876190001,호법,2020-08-12,2020-08-07 09:34:12,36,36,36,직매입,N,,,,28900,26273,2627,1040400,1040400
18507461,일반,10451947,말랑하니 여름속싸개 메쉬 + 스와들 오가닉 코튼 메쉬 스트랩 세트 S 캐럿베이지,R003451180001,고양1,2020-08-12,2020-08-07 09:34:12,2,2,2,직매입,N,,,,26500,24091,2409,53000,53000
18507461,일반,10451949,말랑하니 속싸개 메쉬 블루도트 S,R003451180016,고양1,2020-08-12,2020-08-07 09:34:12,2,2,2,직매입,N,,,,13500,12273,1227,27000,27000
18507346,일반,10887352,카키블린 아기수영장,R003876190001,인천5,2020-08-12,2020-08-07 09:34:11,30,30,30,직매입,N,,,,28900,26273,2627,867000,867000
18507263,일반,10451898,말랑하니 속싸개 오리지널 모카브라운 M,R003451180011,동탄1,2020-08-12,2020-08-07 09:34:11,10,0,0,직매입,N,,,,13500,12273,1227,135000,0
18507263,일반,10451901,말랑하니 속싸개 오리지널 모카브라운 S,R003451180010,동탄1,2020-08-12,2020-08-07 09:34:11,2,0,0,직매입,N,,,,13500,12273,1227,27000,0
18507263,일반,10451949,말랑하니 속싸개 메쉬 블루도트 S,R003451180016,동탄1,2020-08-12,2020-08-07 09:34:11,84,84,84,직매입,N,,,,13500,12273,1227,1134000,1134000
18507263,일반,10451950,말랑하니 속싸개 메쉬 캐럿베이지 S,R003451180014,동탄1,2020-08-12,2020-08-07 09:34:11,18,18,18,직매입,N,,,,13500,12273,1227,243000,243000
18507263,일반,11492985,말랑하니 오가닉속싸개_엘라스틴_캐럿핑크S,R004467000006,동탄1,2020-08-12,2020-08-07 09:34:11,4,4,4,직매입,N,,,,13900,12636,1264,55600,55600
18507263,일반,10451946,말랑하니 여름속싸개 메쉬+ 스와들 오가닉 코튼 메쉬 스트랩 세트 S 블루도트,R003451180003,동탄1,2020-08-12,2020-08-07 09:34:11,2,2,2,직매입,N,,,,26500,24091,2409,53000,53000
18507178,일반,10887352,카키블린 아기수영장,R003876190001,안성4,2020-08-12,2020-08-07 09:34:10,18,18,18,직매입,N,,,,28900,26273,2627,520200,520200
18507178,일반,11316366,루미레브 붙이는유아자석칠판 유리용 600X850 내추럴그레이 + 아모스 파스넷 색연필 랜덤발송 2p,R004256300009,안성4,2020-08-12,2020-08-07 09:34:10,4,4,4,직매입,N,,,,16000,14545,1455,64000,64000
18506984,일반,3361292,"말랑하니 디데이달력, 하늘",R000786470002,동탄1,2020-08-12,2020-08-07 09:34:09,42,42,42,직매입,N,,,,7300,6636,664,306600,306600
18506984,일반,3361291,"말랑하니 디데이달력, 핑크",R000786470001,동탄1,2020-08-12,2020-08-07 09:34:09,21,21,21,직매입,N,,,,6300,5727,573,132300,132300
18506812,일반,3361292,"말랑하니 디데이달력, 하늘",R000786470002,인천4,2020-08-12,2020-08-07 09:34:08,18,18,18,직매입,N,,,,7300,6636,664,131400,131400
18506812,일반,3361291,"말랑하니 디데이달력, 핑크",R000786470001,인천4,2020-08-12,2020-08-07 09:34:08,14,14,14,직매입,N,,,,6300,5727,573,88200,88200
18506750,일반,10306775,말랑하니 역류방지쿠션침대,R003271020001,목천1,2020-08-12,2020-08-07 09:34:08,2,2,2,직매입,N,,,,48000,43636,4364,96000,96000
18506589,일반,10451898,말랑하니 속싸개 오리지널 모카브라운 M,R003451180011,덕평1,2020-08-12,2020-08-07 09:34:06,2,0,0,직매입,N,,,,13500,12273,1227,27000,0
18506589,일반,10451944,말랑하니 속싸개 메쉬 캐럿베이지 M,R003451180015,덕평1,2020-08-12,2020-08-07 09:34:06,50,50,50,직매입,N,,,,13500,12273,1227,675000,675000
18506589,일반,10451952,말랑하니 스와들스트랩 오가닉코튼메쉬-블루도트,R003451180007,덕평1,2020-08-12,2020-08-07 09:34:06,50,50,50,직매입,N,,,,13500,12273,1227,675000,675000
18506485,일반,11230762,말랑하니 뒤집으면 꺼지는 타이머 수유등 취침등 신생아수유등 우드,R004188950001,덕평1,2020-08-12,2020-08-07 09:34:06,30,30,30,직매입,N,,,,11900,10818,1082,357000,357000
18506394,일반,10306775,말랑하니 역류방지쿠션침대,R003271020001,안성4,2020-08-12,2020-08-07 09:34:05,2,2,2,직매입,N,,,,48000,43636,4364,96000,96000
18506339,일반,11763103,루미레브 하이방석 8cm 캐릭터형_공룡커드_카키 + 동화책,R004669850004,인천1,2020-08-12,2020-08-07 09:34:05,6,6,6,직매입,N,,,,21000,19091,1909,126000,126000
18506235,일반,10451898,말랑하니 속싸개 오리지널 모카브라운 M,R003451180011,인천4,2020-08-12,2020-08-07 09:34:04,4,0,0,직매입,N,,,,13500,12273,1227,54000,0
18506235,일반,10451944,말랑하니 속싸개 메쉬 캐럿베이지 M,R003451180015,인천4,2020-08-12,2020-08-07 09:34:04,50,50,50,직매입,N,,,,13500,12273,1227,675000,675000
18506235,일반,8155477,말랑하니 더블라인박스_핑크,R001627180001,인천4,2020-08-12,2020-08-07 09:34:04,10,10,10,직매입,N,,,,3324,3022,302,33240,33240
18506235,일반,11492986,말랑하니 오가닉속싸개_엘라스틴_그레이도트M,R004467000001,인천4,2020-08-12,2020-08-07 09:34:04,2,2,2,직매입,N,,,,13900,12636,1264,27800,27800
18506235,일반,11492985,말랑하니 오가닉속싸개_엘라스틴_캐럿핑크S,R004467000006,인천4,2020-08-12,2020-08-07 09:34:04,2,2,2,직매입,N,,,,13900,12636,1264,27800,27800
18506203,일반,11763101,루미레브 하이방석 8cm 벤치형_핑크 + 동화책,R004669850002,고양1,2020-08-12,2020-08-07 09:34:04,2,2,2,직매입,N,,,,21000,19091,1909,42000,42000
18506055,일반,10451944,말랑하니 속싸개 메쉬 캐럿베이지 M,R003451180015,대구2,2020-08-12,2020-08-07 09:34:03,50,50,50,직매입,N,,,,13500,12273,1227,675000,675000
18506055,일반,10451949,말랑하니 속싸개 메쉬 블루도트 S,R003451180016,대구2,2020-08-12,2020-08-07 09:34:03,10,10,10,직매입,N,,,,13500,12273,1227,135000,135000
18506055,일반,10451950,말랑하니 속싸개 메쉬 캐럿베이지 S,R003451180014,대구2,2020-08-12,2020-08-07 09:34:03,12,12,12,직매입,N,,,,13500,12273,1227,162000,162000
18505964,일반,10451895,말랑하니 스와들스트랩 오가닉코튼(베이지),R003451180005,양산1,2020-08-12,2020-08-07 09:34:03,4,4,4,직매입,N,,,,13500,12273,1227,54000,54000
18505964,일반,10451949,말랑하니 속싸개 메쉬 블루도트 S,R003451180016,양산1,2020-08-12,2020-08-07 09:34:03,14,14,14,직매입,N,,,,13500,12273,1227,189000,189000
18505964,일반,10451950,말랑하니 속싸개 메쉬 캐럿베이지 S,R003451180014,양산1,2020-08-12,2020-08-07 09:34:03,18,18,18,직매입,N,,,,13500,12273,1227,243000,243000
18505906,일반,7035937,[말랑하니 아기목튜브] 목튜브+오가닉커버 세트,R001328040001,인천4,2020-08-12,2020-08-07 09:34:03,32,32,32,직매입,N,,,,22770,20700,2070,728640,728640
18505853,일반,7035937,[말랑하니 아기목튜브] 목튜브+오가닉커버 세트,R001328040001,고양1,2020-08-12,2020-08-07 09:34:02,32,32,32,직매입,N,,,,22770,20700,2070,728640,728640
18505737,일반,7035937,[말랑하니 아기목튜브] 목튜브+오가닉커버 세트,R001328040001,덕평1,2020-08-12,2020-08-07 09:34:02,32,32,32,직매입,N,,,,22770,20700,2070,728640,728640
18505647,일반,11763101,루미레브 하이방석 8cm 벤치형_핑크 + 동화책,R004669850002,마장1,2020-08-12,2020-08-07 09:34:01,3,3,3,직매입,N,,,,21000,19091,1909,63000,63000
